movie_title,similarity_score
Outbreak (1995),0.8116862787024872
Apollo 13 (1995),0.8116862787024872
Hostile Intentions (1994),0.8116862787024872
Condition Red (1995),0.8116862787024872
Mercury Rising (1998),0.8116862787024872
Fire Down Below (1997),0.8116862787024872
Smilla's Sense of Snow (1997),0.8116862787024872
Tough and Deadly (1995),0.8116862787024872
"House of Yes, The (1997)",0.7973624031959727
Faster Pussycat! Kill! Kill! (1965),0.7894046945812424
