Adventure,Western,Comedy,Mystery,Drama,Action,Horror,Thriller,Animation,Crime,Musical,Sci-Fi,Documentary,Children,Romance,Film-Noir,War,Fantasy
0.13871635610766045,0.016563146997929608,0.3022774327122153,0.043478260869565216,0.40372670807453415,0.32091097308488614,0.045548654244306416,0.33126293995859213,0.024844720496894408,0.13250517598343686,0.014492753623188406,0.07246376811594203,0.0,0.016563146997929608,0.20496894409937888,0.0,0.08695652173913043,0.006211180124223602
